Index,User Id,First Name,Last Name,Sex,Email,Phone,Date of birth,Job Title
1,88F7B33d2bcf9f5,Shelby,Terrell,Male,elijah57@example.net,001-084-906-7849x73518,10/26/1945 00:00:00,Games developer
2,f90cD3E76f1A9b9,Phillip,Summers,Female,bethany14@example.com,214.112.6044x4913,03/24/1910 00:00:00,Phytotherapist
5,1bA7A3dc874da3c,Lori,Todd,Male,buchananmanuel@example.net,689-207-3558x7233,12/01/1938 00:00:00,Veterinary surgeon
8,2EFC6A4e77FaEaC,Ricardo,Hinton,Male,wyattbishop@example.com,001-447-699-7998x88612,03/26/1924 00:00:00,Hydrogeologist
10,8e4FB470FE19bF0,Isaiah,Downs,Male,virginiaterrell@example.org,+1-511-372-1544x8206,09/20/1964 00:00:00,"Engineer, site"
19,7F7E1BAcb0C9AFf,Alvin,Paul,Male,gilbertdonaldson@example.com,219.436.0887x07551,05/12/1949 00:00:00,"Teacher, adult education"
20,88473e15D5c3cD0,Jared,Mitchell,Female,jcortez@example.com,+1-958-849-6781,01/18/1921 00:00:00,Paediatric nurse
21,b31D271F8c200AB,Jacqueline,Norton,Female,carias@example.net,819.309.7679x59173,10/09/1952 00:00:00,"Scientist, marine"
22,42F4BdA841aBadC,Colleen,Hatfield,Female,fknox@example.org,638.584.1090,10/14/1949 00:00:00,Commercial horticulturist
23,cBbBcA0FCA3C4Bc,Randy,Barnes,Male,huangbill@example.org,001-960-629-7164x67214,12/30/1947 00:00:00,Outdoor activities/education manager
27,9c1bc7EC53Fb7cE,Louis,Payne,Male,bsullivan@example.net,6232695307,01/29/1916 00:00:00,Counsellor
28,ddEc50e2A2e3a2B,Brittney,Vega,Female,ayalajose@example.net,945-739-8686,10/31/1932 00:00:00,Recycling officer
29,66F096D36Ebae11,Judy,Buckley,Male,irosales@example.net,001-654-208-1241x52830,07/28/1963 00:00:00,Art gallery manager
30,F0fE2faAd78F8b5,Norman,Weber,Male,mconrad@example.com,223.002.0429,05/21/1957 00:00:00,Gaffer
31,5d2feAfbdCAA6B5,Isaiah,Camacho,Female,jimblake@example.org,001-536-544-3367,04/07/1966 00:00:00,Food technologist
33,8Ef7DBfcaB02b6B,Bonnie,Andrews,Female,caitlin24@example.net,+1-253-987-2776x9161,12/21/1953 00:00:00,Seismic interpreter
34,6Dec5b5542F8ed8,Brandon,Schmidt,Female,mconley@example.net,+1-386-673-1465x006,05/12/1931 00:00:00,"Engineer, biomedical"
36,035eff50B9A0F24,Melody,Cook,Male,jeannovak@example.org,(826)792-7381,06/25/1963 00:00:00,Research scientist (life sciences)
37,aa614aAE4B7Cf0C,Leonard,Hurst,Male,clinton78@example.org,941-038-0427x38800,03/13/1938 00:00:00,"Accountant, chartered management"
38,ACcde95AAe3e6cC,Gene,Rich,Female,luisdeleon@example.org,+1-356-818-6604x89537,08/22/1946 00:00:00,"Surveyor, quantity"
43,9edBC94aE7cA22a,Willie,Vang,Female,haleymathews@example.net,741.168.6854x067,02/02/1978 00:00:00,Management consultant
44,fFe7BAA737aDbe2,Miguel,Hill,Female,tyrone56@example.org,5247842945,08/26/1930 00:00:00,Make
47,f3BD2cBF7eEb6df,Danielle,Estrada,Female,jvang@example.org,(890)374-9518x772,07/09/1930 00:00:00,"Accountant, chartered management"
48,Ee4eB129dC7913A,Becky,Brady,Male,erikmueller@example.org,(390)002-0863,06/27/1957 00:00:00,Seismic interpreter
49,dBCEf340C3657Eb,Caitlyn,Frey,Male,rivasdominique@example.org,805-021-3965x46344,01/26/1968 00:00:00,Jewellery designer
50,E47FB71DD9ACCd9,Joshua,Sweeney,Male,daisymcgee@example.net,875.994.2100x535,07/28/1954 00:00:00,"Education officer, museum"
51,eA3fDd79BE9f0E7,Heidi,Escobar,Female,staffordtravis@example.net,601-155-3065x1131,09/25/1931 00:00:00,Estate manager/land agent
52,aF0eE4547Bc025c,Brian,Oconnell,Female,saralong@example.net,952-283-1423x733,10/23/1911 00:00:00,Physiotherapist
53,9F5DeD7aD228F5a,Beverly,Esparza,Female,iphelps@example.net,+1-327-578-8754x6771,12/09/1930 00:00:00,Passenger transport manager
54,D3Fa0220dDE4d36,Nathaniel,Rivas,Female,roberto29@example.com,(655)887-2040x37888,11/17/1908 00:00:00,Call centre manager
55,60FdBFd5e7BE8fF,Debra,Payne,Female,yolanda07@example.org,001-731-525-8400x52593,08/20/1927 00:00:00,Special educational needs teacher
58,Fac3BfFf0A3d03c,Fred,Olsen,Female,amyanderson@example.com,497-774-3053,04/10/1910 00:00:00,Archaeologist
59,e552D7ddafe1FFb,Ryan,Nelson,Female,qnorman@example.org,956.330.2951,05/02/1924 00:00:00,Historic buildings inspector/conservation officer
60,0f8deedb629A5f6,Grace,Phelps,Male,clarkeangela@example.net,(034)867-8827x6777,10/15/1909 00:00:00,Petroleum engineer
61,bB9e49E506F65ed,Shari,Daugherty,Male,kalvarado@example.org,001-951-655-4798x6124,11/24/1944 00:00:00,Curator
63,0aBE5ACb18E0c10,Jackie,Bennett,Male,hutchinsonkirk@example.com,001-740-937-0846x0087,11/11/1915 00:00:00,Neurosurgeon
65,Ee6974f90eeCe18,Harold,Barnett,Female,nathan65@example.org,+1-026-265-6392,03/15/1943 00:00:00,"Biochemist, clinical"
67,9Df5Ba591bF3EFf,Mike,Ward,Female,imccullough@example.com,116-729-5046,11/09/1967 00:00:00,Hydrologist
68,3faB1CBfEFBDdD4,Brittney,Rubio,Female,corey92@example.com,593.976.2528,12/24/1959 00:00:00,"Biochemist, clinical"
69,Ebcefdf75eCb0a9,Frank,Pineda,Male,daltoncalvin@example.net,(035)961-5060x9182,03/10/1926 00:00:00,Hospital pharmacist
70,e75e5DBfcb68887,Sandra,Wu,Male,ubanks@example.com,+1-096-606-6454x067,04/28/1925 00:00:00,Warehouse manager
72,F0d3bD1aaf9E3Bc,Tamara,Hull,Male,meagan39@example.net,017.665.3744x7944,01/31/1933 00:00:00,English as a second language teacher
74,dBfA17Aaf16b4ab,Veronica,Briggs,Female,weissbridget@example.com,+1-521-589-2387x48490,06/08/1974 00:00:00,Structural engineer
76,b3e15e65Ca2CcBf,Tina,Cunningham,Male,wongmary@example.org,079-907-5051,11/29/1956 00:00:00,Race relations officer
78,AdEd6cfD85DeC46,Jermaine,Reid,Female,vpaul@example.com,(742)214-8691,08/18/1974 00:00:00,Newspaper journalist
80,6e6a5b885F6496d,Terrence,Huff,Male,cassandra80@example.org,221.800.6408x5416,02/27/1944 00:00:00,Careers information officer
81,12DCb4ED8E01D5C,Tyler,Foley,Female,johnathan72@example.org,001-386-469-3075x8030,09/19/1908 00:00:00,Economist
82,E1cB5cA8CA7CC0a,Andrew,Waters,Male,nhall@example.net,+1-376-865-2765x3351,05/14/1948 00:00:00,Jewellery designer
84,bff9853aFAeF772,Douglas,Reese,Female,nixonvanessa@example.net,001-834-660-8312x9864,11/11/1961 00:00:00,Higher education lecturer
85,E883773cA5219Be,Helen,Williamson,Female,melvin08@example.net,001-377-726-4229,08/11/1911 00:00:00,"Lecturer, further education"
87,5834700fbEd2771,Chelsea,Dickson,Male,johnnyhendricks@example.net,001-698-651-0138x18588,05/13/1958 00:00:00,"Teacher, early years/pre"
88,2b0Ab1Dc9E01D7E,Dustin,Bailey,Male,pbarron@example.net,+1-965-621-1157x345,08/22/1908 00:00:00,Travel agency manager
89,3f3a3D89ad042Dd,Harry,Medina,Female,olsenmalik@example.net,+1-451-099-5805,08/24/1947 00:00:00,Technical sales engineer
90,9425E2F38C408ef,Kathy,Haney,Female,teresa37@example.com,(164)105-8456,09/02/1955 00:00:00,Charity fundraiser
91,F0aeC9c2759F3C6,Alison,Nixon,Female,zmiles@example.net,3506680871,07/10/1941 00:00:00,Patent attorney
93,2A33E7Cad1bb0F5,Melody,Cox,Female,evan90@example.org,(626)520-5080x3511,07/30/1974 00:00:00,Dance movement psychotherapist
94,d181FFB7d3E68bb,Xavier,Cole,Male,nicolas90@example.org,8164259975,11/29/1938 00:00:00,Financial planner
95,feaBf8dAE0C0d6F,Dillon,Guzman,Female,angelanavarro@example.net,971-992-4521,04/01/1942 00:00:00,Air broker
96,5eFda7caAeB260E,Dennis,Barnes,Female,bmartin@example.org,001-095-524-2112x257,07/30/1954 00:00:00,Software engineer
97,CCbFce93d3720bE,Steve,Patterson,Female,latasha46@example.net,001-865-478-5157,04/29/1932 00:00:00,Barrister
